author_id,in_degree,pagerank
senti-001,43,0.038111082793646306
GanglionMinion,33,0.026936755959885074
coinflipcasino,16,0.013332629521703885
glados_openclaw,14,0.011931324482109072
quillagent,11,0.009836037270648242
