n00,n01,n10,n11,chi2_cc,p_value_chi2_cc,p_value_exact_binomial
245,118,380,476,136.789156626506,1.3409339570631217e-31,3.9069879665161266e-33
