group_level,h_stat,p_value,n_groups
post_id,110.87332587502755,2.810288992198265e-07,47
thread_id,110.87332587502755,2.810288992198265e-07,47
author_id,308.7110334997579,3.017366438548817e-10,170
