{
  "run_id": "20260509T173800Z",
  "n_comments": 1296,
  "n_threads": 55,
  "n_authors": 548,
  "n_posts": 55,
  "alignment_rate": 0.48106365834004833,
  "mean_author_consistency": 0.7424342354021498,
  "mean_author_sentiment_diversity": 0.5828877005347594
}