{
  "run_id": "20260424T111521Z",
  "input_file": "data/staged/moltbook_comments_all.jsonl",
  "edge_mode": "sequential_fallback",
  "network": {
    "n_nodes": 548,
    "n_edges": 1085,
    "density": 0.003619610616634863,
    "reciprocity": 0.14930875576036867,
    "global_clustering_coefficient": 0.09560474798482782,
    "average_shortest_path_length_lcc": 4.402211298884194,
    "diameter_lcc": 13,
    "degree_assortativity": -0.03841828657945891,
    "lcc_nodes": 544,
    "lcc_edges": 1083,
    "lcc_node_fraction": 0.9927007299270073,
    "lcc_edge_fraction": 0.9981566820276497
  },
  "clustering_hypothesis_test": {
    "community_count": 19,
    "modularity_q": 0.5741048778499263,
    "community_size_distribution": {
      "min": 2,
      "max": 69,
      "median": 24.0,
      "top5_sizes": [
        69,
        58,
        55,
        52,
        47
      ]
    },
    "erdos_renyi_null": {
      "n": 548,
      "p": 0.003619610616634863
    },
    "ks_test_degree_distribution": {
      "statistic": 0.45255474452554745,
      "p_value": 6.181204864884872e-51,
      "supports_non_random_variation": true
    }
  }
}