{
  "run_id": "20260328T121150Z",
  "input_path": "data/preprocessed/moltbook_training_ready_20260328T114903Z.csv",
  "rows_used": 767,
  "cv_folds": 5,
  "label_col": "processed_polarity_label",
  "text_col": "text_traditional_clean",
  "models": {
    "logistic_lr": {
      "accuracy": 0.7522816166883963,
      "f1_macro": 0.4692213552616183,
      "precision_macro": 0.8116916990156428,
      "recall_macro": 0.43943525742165246,
      "labels": [
        "negative",
        "neutral",
        "positive"
      ],
      "confusion_matrix": [
        [
          48,
          0,
          143
        ],
        [
          1,
          3,
          24
        ],
        [
          22,
          0,
          526
        ]
      ],
      "classification_report": {
        "negative": {
          "precision": 0.676056338028169,
          "recall": 0.2513089005235602,
          "f1-score": 0.366412213740458,
          "support": 191.0
        },
        "neutral": {
          "precision": 1.0,
          "recall": 0.10714285714285714,
          "f1-score": 0.1935483870967742,
          "support": 28.0
        },
        "positive": {
          "precision": 0.759018759018759,
          "recall": 0.9598540145985401,
          "f1-score": 0.8477034649476228,
          "support": 548.0
        },
        "accuracy": 0.7522816166883963,
        "macro avg": {
          "precision": 0.8116916990156428,
          "recall": 0.43943525742165246,
          "f1-score": 0.4692213552616183,
          "support": 767.0
        },
        "weighted avg": {
          "precision": 0.7471565065262846,
          "recall": 0.7522816166883963,
          "f1-score": 0.7039707776459381,
          "support": 767.0
        }
      },
      "cv_accuracy_std": 0.018171753934667797,
      "cv_f1_macro_std": 0.06515061022565038,
      "runtime_mean_sec": 0.2591939999954775,
      "avg_thresholds": {
        "negative": 0.33999999999999997,
        "neutral": 0.27999999999999997,
        "positive": 0.5
      },
      "sustainability": 0.8462914694272234
    },
    "linear_svm": {
      "accuracy": 0.771838331160365,
      "f1_macro": 0.5229258738449176,
      "precision_macro": 0.7308905216987626,
      "recall_macro": 0.4906256881168029,
      "labels": [
        "negative",
        "neutral",
        "positive"
      ],
      "confusion_matrix": [
        [
          85,
          0,
          106
        ],
        [
          4,
          3,
          21
        ],
        [
          43,
          1,
          504
        ]
      ],
      "classification_report": {
        "negative": {
          "precision": 0.6439393939393939,
          "recall": 0.44502617801047123,
          "f1-score": 0.5263157894736842,
          "support": 191.0
        },
        "neutral": {
          "precision": 0.75,
          "recall": 0.10714285714285714,
          "f1-score": 0.1875,
          "support": 28.0
        },
        "positive": {
          "precision": 0.7987321711568938,
          "recall": 0.9197080291970803,
          "f1-score": 0.8549618320610687,
          "support": 548.0
        },
        "accuracy": 0.771838331160365,
        "macro avg": {
          "precision": 0.7308905216987626,
          "recall": 0.4906256881168029,
          "f1-score": 0.5229258738449176,
          "support": 767.0
        },
        "weighted avg": {
          "precision": 0.7584063286002634,
          "recall": 0.771838331160365,
          "f1-score": 0.7487554103767136,
          "support": 767.0
        }
      },
      "cv_accuracy_std": 0.03025117674132099,
      "cv_f1_macro_std": 0.06306790115560619,
      "runtime_mean_sec": 0.12619777999352663,
      "sustainability": 1.0
    },
    "sgd_linear": {
      "accuracy": 0.7431551499348109,
      "f1_macro": 0.515901719337524,
      "precision_macro": 0.578298025999037,
      "recall_macro": 0.5033930413989266,
      "labels": [
        "negative",
        "neutral",
        "positive"
      ],
      "confusion_matrix": [
        [
          108,
          2,
          81
        ],
        [
          7,
          3,
          18
        ],
        [
          86,
          3,
          459
        ]
      ],
      "classification_report": {
        "negative": {
          "precision": 0.5373134328358209,
          "recall": 0.5654450261780105,
          "f1-score": 0.5510204081632653,
          "support": 191.0
        },
        "neutral": {
          "precision": 0.375,
          "recall": 0.10714285714285714,
          "f1-score": 0.16666666666666666,
          "support": 28.0
        },
        "positive": {
          "precision": 0.8225806451612904,
          "recall": 0.8375912408759124,
          "f1-score": 0.8300180831826401,
          "support": 548.0
        },
        "accuracy": 0.7431551499348109,
        "macro avg": {
          "precision": 0.578298025999037,
          "recall": 0.5033930413989266,
          "f1-score": 0.515901719337524,
          "support": 767.0
        },
        "weighted avg": {
          "precision": 0.735203467040455,
          "recall": 0.7431551499348109,
          "f1-score": 0.736325259726124,
          "support": 767.0
        }
      },
      "cv_accuracy_std": 0.033109922253868815,
      "cv_f1_macro_std": 0.06470967614498932,
      "runtime_mean_sec": 0.15831118000787683,
      "avg_thresholds": {
        "negative": 0.30999999999999994,
        "neutral": 0.25,
        "positive": 0.5
      },
      "sustainability": 0.9628853848039505
    },
    "naive_bayes": {
      "accuracy": 0.7366362451108214,
      "f1_macro": 0.3435230462081537,
      "precision_macro": 0.5340306997039115,
      "recall_macro": 0.36641252977669075,
      "labels": [
        "negative",
        "neutral",
        "positive"
      ],
      "confusion_matrix": [
        [
          20,
          0,
          171
        ],
        [
          0,
          0,
          28
        ],
        [
          3,
          0,
          545
        ]
      ],
      "classification_report": {
        "negative": {
          "precision": 0.8695652173913043,
          "recall": 0.10471204188481675,
          "f1-score": 0.18691588785046728,
          "support": 191.0
        },
        "neutral": {
          "precision": 0.0,
          "recall": 0.0,
          "f1-score": 0.0,
          "support": 28.0
        },
        "positive": {
          "precision": 0.7325268817204301,
          "recall": 0.9945255474452555,
          "f1-score": 0.8436532507739938,
          "support": 548.0
        },
        "accuracy": 0.7366362451108214,
        "macro avg": {
          "precision": 0.5340306997039115,
          "recall": 0.36641252977669075,
          "f1-score": 0.3435230462081537,
          "support": 767.0
        },
        "weighted avg": {
          "precision": 0.7399109357295108,
          "recall": 0.7366362451108214,
          "f1-score": 0.6493127979186283,
          "support": 767.0
        }
      },
      "cv_accuracy_std": 0.010608117931002674,
      "cv_f1_macro_std": 0.027707837423656623,
      "runtime_mean_sec": 0.1650515999936033,
      "sustainability": 0.9550952382010305
    },
    "moltbook_dualview_resonance": {
      "accuracy": 0.7444589308996089,
      "f1_macro": 0.498210988672056,
      "precision_macro": 0.5213864516190098,
      "recall_macro": 0.4936233751344387,
      "labels": [
        "negative",
        "neutral",
        "positive"
      ],
      "confusion_matrix": [
        [
          79,
          16,
          96
        ],
        [
          4,
          5,
          19
        ],
        [
          43,
          18,
          487
        ]
      ],
      "classification_report": {
        "negative": {
          "precision": 0.626984126984127,
          "recall": 0.41361256544502617,
          "f1-score": 0.49842271293375395,
          "support": 191.0
        },
        "neutral": {
          "precision": 0.1282051282051282,
          "recall": 0.17857142857142858,