{
  "run_id": "20260326T130113Z",
  "input_path": "data/preprocessed/moltbook_training_ready_20260326T130040Z.csv",
  "rows_used": 423,
  "cv_folds": 5,
  "label_col": "processed_polarity_label",
  "text_col": "text_traditional_clean",
  "models": {
    "logistic_lr": {
      "accuracy": 0.7257683215130024,
      "f1_macro": 0.4096222338996906,
      "precision_macro": 0.4617585064739536,
      "recall_macro": 0.40960851694629746,
      "labels": [
        "negative",
        "neutral",
        "positive"
      ],
      "confusion_matrix": [
        [
          35,
          0,
          84
        ],
        [
          0,
          0,
          13
        ],
        [
          19,
          0,
          272
        ]
      ],
      "classification_report": {
        "negative": {
          "precision": 0.6481481481481481,
          "recall": 0.29411764705882354,
          "f1-score": 0.4046242774566474,
          "support": 119.0
        },
        "neutral": {
          "precision": 0.0,
          "recall": 0.0,
          "f1-score": 0.0,
          "support": 13.0
        },
        "positive": {
          "precision": 0.7371273712737128,
          "recall": 0.9347079037800687,
          "f1-score": 0.8242424242424242,
          "support": 291.0
        },
        "accuracy": 0.7257683215130024,
        "macro avg": {
          "precision": 0.4617585064739536,
          "recall": 0.40960851694629746,
          "f1-score": 0.4096222338996906,
          "support": 423.0
        },
        "weighted avg": {
          "precision": 0.6894413585585816,
          "recall": 0.7257683215130024,
          "f1-score": 0.6808624928413393,
          "support": 423.0
        }
      },
      "cv_accuracy_std": 0.026005442934980097,
      "cv_f1_macro_std": 0.04704339101535438,
      "runtime_mean_sec": 0.3729730199993355,
      "avg_thresholds": {
        "negative": 0.37,
        "neutral": 0.25,
        "positive": 0.5
      },
      "sustainability": 0.5334704701584146
    },
    "linear_svm": {
      "accuracy": 0.7328605200945626,
      "f1_macro": 0.43511250654107797,
      "precision_macro": 0.4568350724420089,
      "recall_macro": 0.43291268397393323,
      "labels": [
        "negative",
        "neutral",
        "positive"
      ],
      "confusion_matrix": [
        [
          47,
          0,
          72
        ],
        [
          2,
          0,
          11
        ],
        [
          28,
          0,
          263
        ]
      ],
      "classification_report": {
        "negative": {
          "precision": 0.6103896103896104,
          "recall": 0.3949579831932773,
          "f1-score": 0.47959183673469385,
          "support": 119.0
        },
        "neutral": {
          "precision": 0.0,
          "recall": 0.0,
          "f1-score": 0.0,
          "support": 13.0
        },
        "positive": {
          "precision": 0.7601156069364162,
          "recall": 0.9037800687285223,
          "f1-score": 0.82574568288854,
          "support": 291.0
        },
        "accuracy": 0.7328605200945626,
        "macro avg": {
          "precision": 0.4568350724420089,
          "recall": 0.43291268397393323,
          "f1-score": 0.43511250654107797,
          "support": 423.0
        },
        "weighted avg": {
          "precision": 0.6946335821627914,
          "recall": 0.7328605200945626,
          "f1-score": 0.702986813929063,
          "support": 423.0
        }
      },
      "cv_accuracy_std": 0.03776616812119405,
      "cv_f1_macro_std": 0.03162217005531331,
      "runtime_mean_sec": 0.11928277999977581,
      "sustainability": 0.9837406284440902
    },
    "sgd_linear": {
      "accuracy": 0.6997635933806147,
      "f1_macro": 0.4849992029332058,
      "precision_macro": 0.5211927527194623,
      "recall_macro": 0.4811070608523611,
      "labels": [
        "negative",
        "neutral",
        "positive"
      ],
      "confusion_matrix": [
        [
          71,
          0,
          48
        ],
        [
          1,
          1,
          11
        ],
        [
          64,
          3,
          224
        ]
      ],
      "classification_report": {
        "negative": {
          "precision": 0.5220588235294118,
          "recall": 0.5966386554621849,
          "f1-score": 0.5568627450980392,
          "support": 119.0
        },
        "neutral": {
          "precision": 0.25,
          "recall": 0.07692307692307693,
          "f1-score": 0.11764705882352941,
          "support": 13.0
        },
        "positive": {
          "precision": 0.7915194346289752,
          "recall": 0.7697594501718213,
          "f1-score": 0.7804878048780488,
          "support": 291.0
        },
        "accuracy": 0.6997635933806147,
        "macro avg": {
          "precision": 0.5211927527194623,
          "recall": 0.4811070608523611,
          "f1-score": 0.4849992029332058,
          "support": 423.0
        },
        "weighted avg": {
          "precision": 0.6990712895438104,
          "recall": 0.6997635933806147,
          "f1-score": 0.6972057438555195,
          "support": 423.0
        }
      },
      "cv_accuracy_std": 0.03015434459763586,
      "cv_f1_macro_std": 0.04965224656198761,
      "runtime_mean_sec": 0.14648331999778746,
      "avg_thresholds": {
        "negative": 0.25,
        "neutral": 0.25,
        "positive": 0.5
      },
      "sustainability": 0.9354628884317748
    },
    "naive_bayes": {
      "accuracy": 0.6997635933806147,
      "f1_macro": 0.31839795962477846,
      "precision_macro": 0.46410256410256406,
      "recall_macro": 0.3539615158778288,
      "labels": [
        "negative",
        "neutral",
        "positive"
      ],
      "confusion_matrix": [
        [
          9,
          0,
          110
        ],
        [
          0,
          0,
          13
        ],
        [
          4,
          0,
          287
        ]
      ],
      "classification_report": {
        "negative": {
          "precision": 0.6923076923076923,
          "recall": 0.07563025210084033,
          "f1-score": 0.13636363636363635,
          "support": 119.0
        },
        "neutral": {
          "precision": 0.0,
          "recall": 0.0,
          "f1-score": 0.0,
          "support": 13.0
        },
        "positive": {
          "precision": 0.7,
          "recall": 0.9862542955326461,
          "f1-score": 0.818830242510699,
          "support": 291.0
        },
        "accuracy": 0.6997635933806147,
        "macro avg": {
          "precision": 0.46410256410256406,
          "recall": 0.3539615158778288,
          "f1-score": 0.31839795962477846,
          "support": 423.0
        },
        "weighted avg": {
          "precision": 0.6763229678123296,
          "recall": 0.6997635933806147,
          "f1-score": 0.6016710952668702,
          "support": 423.0
        }
      },
      "cv_accuracy_std": 0.01625045832166428,
      "cv_f1_macro_std": 0.019426195666644695,
      "runtime_mean_sec": 0.11012195999792311,
      "sustainability": 1.0
    },
    "moltbook_dualview_resonance": {
      "accuracy": 0.6784869976359338,
      "f1_macro": 0.4361899099360545,
      "precision_macro": 0.4747462741757625,
      "recall_macro": 0.42775101052845144,
      "labels": [
        "negative",
        "neutral",
        "positive"
      ],
      "confusion_matrix": [
        [
          45,
          10,
          64
        ],
        [
          1,
          1,
          11
        ],
        [
          25,
          25,
          241
        ]
      ],
      "classification_report": {
        "negative": {
          "precision": 0.6338028169014085,
          "recall": 0.37815126050420167,
          "f1-score": 0.47368421052631576,
          "support": 119.0
        },
        "neutral": {
          "precision": 0.027777777777777776,
          "recall": 0.07692307692307693,
          "f1-score": 0.04081632653061224,
          "support": 13.0
        },