{
  "run_id": "20260326T125657Z",
  "input_path": "data/preprocessed/moltbook_training_ready_20260326T124504Z.csv",
  "rows_used": 366,
  "cv_folds": 5,
  "label_col": "processed_polarity_label",
  "text_col": "text_traditional_clean",
  "models": {
    "moltbook_dualview_resonance": {
      "accuracy": 0.6994535519125683,
      "f1_macro": 0.48177949709864604,
      "precision_macro": 0.5091275277987305,
      "recall_macro": 0.5002362204724409,
      "labels": [
        "negative",
        "neutral",
        "positive"
      ],
      "confusion_matrix": [
        [
          42,
          13,
          45
        ],
        [
          2,
          3,
          7
        ],
        [
          21,
          22,
          211
        ]
      ],
      "classification_report": {
        "negative": {
          "precision": 0.6461538461538462,
          "recall": 0.42,
          "f1-score": 0.509090909090909,
          "support": 100.0
        },
        "neutral": {
          "precision": 0.07894736842105263,
          "recall": 0.25,
          "f1-score": 0.12,
          "support": 12.0
        },
        "positive": {
          "precision": 0.8022813688212928,
          "recall": 0.8307086614173228,
          "f1-score": 0.816247582205029,
          "support": 254.0
        },
        "accuracy": 0.6994535519125683,
        "macro avg": {
          "precision": 0.5091275277987305,
          "recall": 0.5002362204724409,
          "f1-score": 0.48177949709864604,
          "support": 366.0
        },
        "weighted avg": {
          "precision": 0.7359077068771738,
          "recall": 0.6994535519125683,
          "f1-score": 0.7094972043419899,
          "support": 366.0
        }
      },
      "cv_accuracy_std": 0.030500209472704137,
      "cv_f1_macro_std": 0.05797999928089781,
      "runtime_mean_sec": 1.9138066199986496,
      "neutral_guard_threshold_mean": 0.62,
      "model_notes": "Custom dual-view resonance stack: word TF-IDF + char TF-IDF + hybrid NB with confidence-consensus neutral guard for minority stabilization.",
      "sustainability": 0.0
    },
    "logistic_lr": {
      "accuracy": 0.7431693989071039,
      "f1_macro": 0.4477069109555498,
      "precision_macro": 0.4677989040734139,
      "recall_macro": 0.4438582677165354,
      "labels": [
        "negative",
        "neutral",
        "positive"
      ],
      "confusion_matrix": [
        [
          43,
          0,
          57
        ],
        [
          1,
          0,
          11
        ],
        [
          24,
          1,
          229
        ]
      ],
      "classification_report": {
        "negative": {
          "precision": 0.6323529411764706,
          "recall": 0.43,
          "f1-score": 0.5119047619047619,
          "support": 100.0
        },
        "neutral": {
          "precision": 0.0,
          "recall": 0.0,
          "f1-score": 0.0,
          "support": 12.0
        },
        "positive": {
          "precision": 0.7710437710437711,
          "recall": 0.9015748031496063,
          "f1-score": 0.8312159709618875,
          "support": 254.0
        },
        "accuracy": 0.7431693989071039,
        "macro avg": {
          "precision": 0.4677989040734139,
          "recall": 0.4438582677165354,
          "f1-score": 0.4477069109555498,
          "support": 366.0
        },
        "weighted avg": {
          "precision": 0.7078699780403412,
          "recall": 0.7431693989071039,
          "f1-score": 0.7167194885650152,
          "support": 366.0
        }
      },
      "cv_accuracy_std": 0.034799089268210646,
      "cv_f1_macro_std": 0.03757535687553209,
      "runtime_mean_sec": 0.5611814200034132,
      "avg_thresholds": {
        "negative": 0.36,
        "neutral": 0.25,
        "positive": 0.5
      },
      "sustainability": 0.7692924556760194
    },
    "linear_svm": {
      "accuracy": 0.7486338797814208,
      "f1_macro": 0.4535199565398012,
      "precision_macro": 0.47002466778069546,
      "recall_macro": 0.45052493438320207,
      "labels": [
        "negative",
        "neutral",
        "positive"
      ],
      "confusion_matrix": [
        [
          45,
          0,
          55
        ],
        [
          1,
          0,
          11
        ],
        [
          25,
          0,
          229
        ]
      ],
      "classification_report": {
        "negative": {
          "precision": 0.6338028169014085,
          "recall": 0.45,
          "f1-score": 0.5263157894736842,
          "support": 100.0
        },
        "neutral": {
          "precision": 0.0,
          "recall": 0.0,
          "f1-score": 0.0,
          "support": 12.0
        },
        "positive": {
          "precision": 0.7762711864406779,
          "recall": 0.9015748031496063,
          "f1-score": 0.8342440801457195,
          "support": 254.0
        },
        "accuracy": 0.7486338797814208,
        "macro avg": {
          "precision": 0.47002466778069546,
          "recall": 0.45052493438320207,
          "f1-score": 0.4535199565398012,
          "support": 366.0
        },
        "weighted avg": {
          "precision": 0.7118938881040248,
          "recall": 0.7486338797814208,
          "f1-score": 0.7227584024709869,
          "support": 366.0
        }
      },
      "cv_accuracy_std": 0.017748659040663955,
      "cv_f1_macro_std": 0.029207157721999392,
      "runtime_mean_sec": 0.15553485999989788,
      "sustainability": 1.0
    }
  },
  "predictions_path": "data/modeling/moltbook_model_predictions_20260326T125657Z.csv",
  "plots": {
    "metrics_bar": "data/modeling/moltbook_model_metrics_bar_20260326T125657Z.png",
    "requested_metrics": "data/modeling/moltbook_model_requested_metrics_20260326T125657Z.png",
    "confusion_matrices": "data/modeling/moltbook_model_confusion_matrices_20260326T125657Z.png",
    "classwise_f1": "data/modeling/moltbook_model_classwise_f1_20260326T125657Z.png"
  }
}