{
  "run_id": "20260329T101730Z",
  "input_path": "data/preprocessed/moltbook_training_ready_20260329T100311Z.csv",
  "rows_used": 1040,
  "cv_folds": 5,
  "label_col": "processed_polarity_label",
  "text_col": "text_traditional_clean",
  "models": {
    "logistic_lr": {
      "accuracy": 0.775,
      "f1_macro": 0.49368249505905704,
      "precision_macro": 0.8267659487721964,
      "recall_macro": 0.46444379142586606,
      "labels": [
        "negative",
        "neutral",
        "positive"
      ],
      "confusion_matrix": [
        [
          93,
          0,
          156
        ],
        [
          1,
          3,
          37
        ],
        [
          40,
          0,
          710
        ]
      ],
      "classification_report": {
        "negative": {
          "precision": 0.6940298507462687,
          "recall": 0.37349397590361444,
          "f1-score": 0.4856396866840731,
          "support": 249.0
        },
        "neutral": {
          "precision": 1.0,
          "recall": 0.07317073170731707,
          "f1-score": 0.13636363636363635,
          "support": 41.0
        },
        "positive": {
          "precision": 0.7862679955703211,
          "recall": 0.9466666666666667,
          "f1-score": 0.8590441621294616,
          "support": 750.0
        },
        "accuracy": 0.775,
        "macro avg": {
          "precision": 0.8267659487721964,
          "recall": 0.46444379142586606,
          "f1-score": 0.49368249505905704,
          "support": 1040.0
        },
        "weighted avg": {
          "precision": 0.7726100283784247,
          "recall": 0.775,
          "f1-score": 0.7411522237234033,
          "support": 1040.0
        }
      },
      "cv_accuracy_std": 0.011538461538461537,
      "cv_f1_macro_std": 0.03239784244775955,
      "runtime_mean_sec": 0.46612678000237795,
      "avg_thresholds": {
        "negative": 0.37,
        "neutral": 0.25,
        "positive": 0.5
      },
      "sustainability": 0.9992732620058709
    },
    "linear_svm": {
      "accuracy": 0.7653846153846153,
      "f1_macro": 0.5059575128551664,
      "precision_macro": 0.6898205603218283,
      "recall_macro": 0.4775216638913377,
      "labels": [
        "negative",
        "neutral",
        "positive"
      ],
      "confusion_matrix": [
        [
          104,
          0,
          145
        ],
        [
          8,
          4,
          29
        ],
        [
          60,
          2,
          688
        ]
      ],
      "classification_report": {
        "negative": {
          "precision": 0.6046511627906976,
          "recall": 0.41767068273092367,
          "f1-score": 0.49406175771971494,
          "support": 249.0
        },
        "neutral": {
          "precision": 0.6666666666666666,
          "recall": 0.0975609756097561,
          "f1-score": 0.1702127659574468,
          "support": 41.0
        },
        "positive": {
          "precision": 0.7981438515081206,
          "recall": 0.9173333333333333,
          "f1-score": 0.8535980148883374,
          "support": 750.0
        },
        "accuracy": 0.7653846153846153,
        "macro avg": {
          "precision": 0.6898205603218283,
          "recall": 0.4775216638913377,
          "f1-score": 0.5059575128551664,
          "support": 1040.0
        },
        "weighted avg": {
          "precision": 0.7466340014416418,
          "recall": 0.7653846153846153,
          "f1-score": 0.7405755886949206,
          "support": 1040.0
        }
      },
      "cv_accuracy_std": 0.011130612406529067,
      "cv_f1_macro_std": 0.016787402409425594,
      "runtime_mean_sec": 0.16755975999403744,
      "sustainability": 0.9999998628893793
    },
    "sgd_linear": {
      "accuracy": 0.7576923076923077,
      "f1_macro": 0.5157939018633938,
      "precision_macro": 0.5924538496800721,
      "recall_macro": 0.50079341757273,
      "labels": [
        "negative",
        "neutral",
        "positive"
      ],
      "confusion_matrix": [
        [
          134,
          1,
          114
        ],
        [
          14,
          4,
          23
        ],
        [
          95,
          5,
          650
        ]
      ],
      "classification_report": {
        "negative": {
          "precision": 0.551440329218107,
          "recall": 0.5381526104417671,
          "f1-score": 0.5447154471544715,
          "support": 249.0
        },
        "neutral": {
          "precision": 0.4,
          "recall": 0.0975609756097561,
          "f1-score": 0.1568627450980392,
          "support": 41.0
        },
        "positive": {
          "precision": 0.8259212198221093,
          "recall": 0.8666666666666667,
          "f1-score": 0.8458035133376708,
          "support": 750.0
        },
        "accuracy": 0.7576923076923077,
        "macro avg": {
          "precision": 0.5924538496800721,
          "recall": 0.50079341757273,
          "f1-score": 0.5157939018633938,
          "support": 1040.0
        },
        "weighted avg": {
          "precision": 0.7434130354248949,
          "recall": 0.7576923076923077,
          "f1-score": 0.7465559172055156,
          "support": 1040.0
        }
      },
      "cv_accuracy_std": 0.013113636247101787,
      "cv_f1_macro_std": 0.016893629466836306,
      "runtime_mean_sec": 0.17761351998196914,
      "avg_thresholds": {
        "negative": 0.35,
        "neutral": 0.25,
        "positive": 0.5
      },
      "sustainability": 0.9999753957835027
    },
    "naive_bayes": {
      "accuracy": 0.7365384615384616,
      "f1_macro": 0.32634224546517404,
      "precision_macro": 0.5444444444444444,
      "recall_macro": 0.3565408299866131,
      "labels": [
        "negative",
        "neutral",
        "positive"
      ],
      "confusion_matrix": [
        [
          18,
          0,
          231
        ],
        [
          0,
          0,
          41
        ],
        [
          2,
          0,
          748
        ]
      ],
      "classification_report": {
        "negative": {
          "precision": 0.9,
          "recall": 0.07228915662650602,
          "f1-score": 0.13382899628252787,
          "support": 249.0
        },
        "neutral": {
          "precision": 0.0,
          "recall": 0.0,
          "f1-score": 0.0,
          "support": 41.0
        },
        "positive": {
          "precision": 0.7333333333333333,
          "recall": 0.9973333333333333,
          "f1-score": 0.8451977401129943,
          "support": 750.0
        },
        "accuracy": 0.7365384615384616,
        "macro avg": {
          "precision": 0.5444444444444444,
          "recall": 0.3565408299866131,
          "f1-score": 0.32634224546517404,
          "support": 1040.0
        },
        "weighted avg": {
          "precision": 0.744326923076923,
          "recall": 0.7365384615384616,
          "f1-score": 0.6415593511145146,
          "support": 1040.0
        }
      },
      "cv_accuracy_std": 0.008271466602925617,
      "cv_f1_macro_std": 0.01908010661297776,
      "runtime_mean_sec": 0.16750341997249052,
      "sustainability": 1.0
    },
    "moltbook_dualview_resonance": {
      "accuracy": 0.7451923076923077,
      "f1_macro": 0.513697909234992,
      "precision_macro": 0.5322849687334646,
      "recall_macro": 0.5134079080549842,
      "labels": [
        "negative",
        "neutral",
        "positive"
      ],
      "confusion_matrix": [
        [
          103,
          20,
          126
        ],
        [
          6,
          10,
          25
        ],
        [
          59,
          29,
          662
        ]
      ],
      "classification_report": {
        "negative": {
          "precision": 0.6130952380952381,
          "recall": 0.41365461847389556,
          "f1-score": 0.4940047961630695,
          "support": 249.0
        },
        "neutral": {
          "precision": 0.1694915254237288,
          "recall": 0.24390243902439024,
          "f1-score": 0.2,
          "support": 41.0
        },