{
  "run_id": "20260326T125736Z",
  "input_path": "data/preprocessed/moltbook_training_ready_20260326T124504Z.csv",
  "rows_used": 366,
  "cv_folds": 5,
  "label_col": "processed_polarity_label",
  "text_col": "text_traditional_clean",
  "models": {
    "logistic_lr": {
      "accuracy": 0.7431693989071039,
      "f1_macro": 0.4477069109555498,
      "precision_macro": 0.4677989040734139,
      "recall_macro": 0.4438582677165354,
      "labels": [
        "negative",
        "neutral",
        "positive"
      ],
      "confusion_matrix": [
        [
          43,
          0,
          57
        ],
        [
          1,
          0,
          11
        ],
        [
          24,
          1,
          229
        ]
      ],
      "classification_report": {
        "negative": {
          "precision": 0.6323529411764706,
          "recall": 0.43,
          "f1-score": 0.5119047619047619,
          "support": 100.0
        },
        "neutral": {
          "precision": 0.0,
          "recall": 0.0,
          "f1-score": 0.0,
          "support": 12.0
        },
        "positive": {
          "precision": 0.7710437710437711,
          "recall": 0.9015748031496063,
          "f1-score": 0.8312159709618875,
          "support": 254.0
        },
        "accuracy": 0.7431693989071039,
        "macro avg": {
          "precision": 0.4677989040734139,
          "recall": 0.4438582677165354,
          "f1-score": 0.4477069109555498,
          "support": 366.0
        },
        "weighted avg": {
          "precision": 0.7078699780403412,
          "recall": 0.7431693989071039,
          "f1-score": 0.7167194885650152,
          "support": 366.0
        }
      },
      "cv_accuracy_std": 0.034799089268210646,
      "cv_f1_macro_std": 0.03757535687553209,
      "runtime_mean_sec": 0.2007264200015925,
      "avg_thresholds": {
        "negative": 0.36,
        "neutral": 0.25,
        "positive": 0.5
      },
      "sustainability": 0.8327478977806305
    },
    "linear_svm": {
      "accuracy": 0.7486338797814208,
      "f1_macro": 0.4535199565398012,
      "precision_macro": 0.47002466778069546,
      "recall_macro": 0.45052493438320207,
      "labels": [
        "negative",
        "neutral",
        "positive"
      ],
      "confusion_matrix": [
        [
          45,
          0,
          55
        ],
        [
          1,
          0,
          11
        ],
        [
          25,
          0,
          229
        ]
      ],
      "classification_report": {
        "negative": {
          "precision": 0.6338028169014085,
          "recall": 0.45,
          "f1-score": 0.5263157894736842,
          "support": 100.0
        },
        "neutral": {
          "precision": 0.0,
          "recall": 0.0,
          "f1-score": 0.0,
          "support": 12.0
        },
        "positive": {
          "precision": 0.7762711864406779,
          "recall": 0.9015748031496063,
          "f1-score": 0.8342440801457195,
          "support": 254.0
        },
        "accuracy": 0.7486338797814208,
        "macro avg": {
          "precision": 0.47002466778069546,
          "recall": 0.45052493438320207,
          "f1-score": 0.4535199565398012,
          "support": 366.0
        },
        "weighted avg": {
          "precision": 0.7118938881040248,
          "recall": 0.7486338797814208,
          "f1-score": 0.7227584024709869,
          "support": 366.0
        }
      },
      "cv_accuracy_std": 0.017748659040663955,
      "cv_f1_macro_std": 0.029207157721999392,
      "runtime_mean_sec": 0.0827942800038727,
      "sustainability": 1.0
    },
    "sgd_linear": {
      "accuracy": 0.7240437158469946,
      "f1_macro": 0.4989691722767929,
      "precision_macro": 0.5588388844023525,
      "recall_macro": 0.48943132108486437,
      "labels": [
        "negative",
        "neutral",
        "positive"
      ],
      "confusion_matrix": [
        [
          57,
          0,
          43
        ],
        [
          4,
          1,
          7
        ],
        [
          45,
          2,
          207
        ]
      ],
      "classification_report": {
        "negative": {
          "precision": 0.5377358490566038,
          "recall": 0.57,
          "f1-score": 0.5533980582524272,
          "support": 100.0
        },
        "neutral": {
          "precision": 0.3333333333333333,
          "recall": 0.08333333333333333,
          "f1-score": 0.13333333333333333,
          "support": 12.0
        },
        "positive": {
          "precision": 0.8054474708171206,
          "recall": 0.8149606299212598,
          "f1-score": 0.8101761252446184,
          "support": 254.0
        },
        "accuracy": 0.7240437158469946,
        "macro avg": {
          "precision": 0.5588388844023525,
          "recall": 0.48943132108486437,
          "f1-score": 0.4989691722767929,
          "support": 366.0
        },
        "weighted avg": {
          "precision": 0.7168230669213361,
          "recall": 0.7240437158469946,
          "f1-score": 0.7178266164955621,
          "support": 366.0
        }
      },
      "cv_accuracy_std": 0.02220424320082392,
      "cv_f1_macro_std": 0.09160652043982556,
      "runtime_mean_sec": 0.14482761999825017,
      "avg_thresholds": {
        "negative": 0.25,
        "neutral": 0.25,
        "positive": 0.5
      },
      "sustainability": 0.9120239273030311
    },
    "naive_bayes": {
      "accuracy": 0.7185792349726776,
      "f1_macro": 0.3461492394298718,
      "precision_macro": 0.5050332383665718,
      "recall_macro": 0.3693963254593176,
      "labels": [
        "negative",
        "neutral",
        "positive"
      ],
      "confusion_matrix": [
        [
          12,
          0,
          88
        ],
        [
          0,
          0,
          12
        ],
        [
          3,
          0,
          251
        ]
      ],
      "classification_report": {
        "negative": {
          "precision": 0.8,
          "recall": 0.12,
          "f1-score": 0.20869565217391303,
          "support": 100.0
        },
        "neutral": {
          "precision": 0.0,
          "recall": 0.0,
          "f1-score": 0.0,
          "support": 12.0
        },
        "positive": {
          "precision": 0.7150997150997151,
          "recall": 0.9881889763779528,
          "f1-score": 0.8297520661157025,
          "support": 254.0
        },
        "accuracy": 0.7185792349726776,
        "macro avg": {
          "precision": 0.5050332383665718,
          "recall": 0.3693963254593176,
          "f1-score": 0.3461492394298718,
          "support": 366.0
        },
        "weighted avg": {
          "precision": 0.7148506219544472,
          "recall": 0.7185792349726776,
          "f1-score": 0.6328595355485785,
          "support": 366.0
        }
      },
      "cv_accuracy_std": 0.020849622105922287,
      "cv_f1_macro_std": 0.0380808565657267,
      "runtime_mean_sec": 0.12848807999980635,
      "sustainability": 0.9351967656326842
    },
    "moltbook_dualview_resonance": {
      "accuracy": 0.6994535519125683,
      "f1_macro": 0.48177949709864604,
      "precision_macro": 0.5091275277987305,
      "recall_macro": 0.5002362204724409,
      "labels": [
        "negative",
        "neutral",
        "positive"
      ],
      "confusion_matrix": [
        [
          42,
          13,
          45
        ],
        [
          2,
          3,
          7
        ],
        [
          21,
          22,
          211
        ]
      ],
      "classification_report": {
        "negative": {
          "precision": 0.6461538461538462,
          "recall": 0.42,
          "f1-score": 0.509090909090909,
          "support": 100.0
        },
        "neutral": {
          "precision": 0.07894736842105263,
          "recall": 0.25,
          "f1-score": 0.12,
          "support": 12.0
        },
        "positive": {
          "precision": 0.8022813688212928,
          "recall": 0.8307086614173228,